year,county,population,assault,arson,burglary,drug violation,murder,theft,rape,robbery,total
1990,ADAMS,13603,14,1,10,27,1,55,1,1,1398
1991,ADAMS,13798,33,0,12,45,1,76,6,0,1538
1992,ADAMS,14143,14,0,25,45,1,117,11,0,1175
1993,ADAMS,14535,29,0,6,37,0,136,2,4,1129
1994,ADAMS,15006,36,1,12,37,0,53,5,4,1047
1995,ADAMS,15366,26,1,23,38,2,138,1,1,1169
1996,ADAMS,15674,26,0,20,59,1,80,4,5,1078
1997,ADAMS,15989,24,2,14,55,0,57,2,0,941
1998,ADAMS,16091,21,0,26,46,0,44,3,5,931
1999,ADAMS,16190,18,1,28,45,0,31,0,0,812
2000,ADAMS,16428,16,0,21,40,0,45,3,5,754
2001,ADAMS,16600,18,0,20,25,0,64,10,4,781
2002,ADAMS,16600,12,2,25,30,0,65,3,5,778
2003,ADAMS,16600,17,0,18,39,0,67,6,0,904
2004,ADAMS,16700,24,0,20,86,0,53,9,6,959
2005,ADAMS,17000,20,0,24,78,0,66,7,6,848
2006,ADAMS,17300,17,0,36,66,1,52,4,0,867
2007,ADAMS,17600,15,0,38,67,1,63,9,1,924
2008,ADAMS,17800,15,1,21,73,0,60,7,0,948
2009,ADAMS,18000,17,0,23,46,0,62,4,10,902
2010,ADAMS,18300,14,0,17,42,0,81,2,8,761
2011,ADAMS,18950,18,0,31,43,0,91,2,1,483
2012,ADAMS,19050,9,0,12,19,0,42,3,0,261
2013,ADAMS,19200,145,0,8,13,1,41,4,3,376
2014,ADAMS,19400,127,6,26,32,1,72,4,0,488
2015,ADAMS,19410,119,2,23,43,0,68,8,8,511
2016,ADAMS,19510,146,0,10,72,1,67,6,3,584
2017,ADAMS,19870,109,1,16,78,1,50,2,5,466
2018,ADAMS,20020,103,0,12,46,1,41,5,2,443
2019,ADAMS,20150,92,0,4,41,0,40,4,1,401
2020,ADAMS,20450,77,0,15,20,1,36,6,2,291
1990,ASOTIN,17605,10,2,11,18,2,73,2,0,456
1991,ASOTIN,17941,24,0,19,47,0,66,1,2,558
1992,ASOTIN,18222,43,0,6,33,0,87,3,0,598
1993,ASOTIN,18686,6,0,6,63,0,77,1,1,753
1994,ASOTIN,19279,26,1,8,95,1,64,0,2,770
1995,ASOTIN,19574,14,0,8,78,0,115,3,1,792
1996,ASOTIN,20053,10,1,7,60,0,81,4,4,634
1997,ASOTIN,20273,13,1,6,57,0,78,1,1,837
1998,ASOTIN,20784,14,0,19,85,0,97,8,3,871
1999,ASOTIN,20614,15,0,20,69,0,127,2,1,962
2000,ASOTIN,20551,17,0,11,50,0,86,3,4,895
2001,ASOTIN,20700,22,3,13,112,0,70,2,4,1190
2002,ASOTIN,20700,11,1,26,82,0,51,1,2,954
2003,ASOTIN,20600,14,0,9,94,0,45,2,1,1052
2004,ASOTIN,20700,15,2,15,124,1,60,1,1,1265
2005,ASOTIN,20900,15,1,12,118,3,59,2,5,1378
2006,ASOTIN,21100,20,0,19,145,1,46,1,0,1715
2007,ASOTIN,21300,11,0,16,114,0,53,0,5,1442
2008,ASOTIN,21400,10,1,14,65,0,50,0,2,1690
2009,ASOTIN,21500,19,0,10,38,0,44,1,6,1448
2010,ASOTIN,21700,4,0,11,70,0,78,5,1,1710
2011,ASOTIN,21650,14,3,7,80,0,97,0,2,1671
2012,ASOTIN,21700,5,0,6,39,0,94,0,1,1073
2013,ASOTIN,21800,119,0,18,28,0,134,1,8,1682
2014,ASOTIN,21950,94,0,12,22,1,55,0,0,1303
2015,ASOTIN,22010,125,0,16,12,2,174,1,2,1418
2016,ASOTIN,22150,117,0,16,16,2,162,1,3,1474
2017,ASOTIN,22290,25,0,2,12,1,8,1,2,1194
2018,ASOTIN,22420,20,0,9,5,0,32,0,1,1293
2019,ASOTIN,22520,36,0,15,11,0,79,0,0,1199
2020,ASOTIN,22640,75,0,6,14,0,44,0,0,681
1990,BENTON,112560,103,2,121,140,4,734,13,17,5253
1991,BENTON,114898,85,2,75,184,3,641,19,7,5654
1992,BENTON,117981,77,4,108,308,0,644,33,20,6299
1993,BENTON,121967,102,3,76,401,4,602,18,13,6629
1994,BENTON,125683,118,5,86,420,1,721,16,21,7270
1995,BENTON,130266,143,2,84,458,4,768,14,28,8555
1996,BENTON,133252,108,4,55,422,3,500,13,20,8590
1997,BENTON,136503,118,4,121,457,1,485,12,27,8226
1998,BENTON,137905,116,10,96,513,5,787,21,22,9950
1999,BENTON,140415,103,7,93,554,2,645,15,22,8870
2000,BENTON,142475,142,11,111,562,3,652,20,14,8377
2001,BENTON,144800,137,4,113,487,0,633,17,21,8883
2002,BENTON,147600,107,7,120,566,2,632,11,23,9208
2003,BENTON,151600,144,10,128,734,2,666,9,12,9720
2004,BENTON,155100,101,4,149,895,2,721,18,27,9561
2005,BENTON,158100,158,11,135,969,5,698,21,22,10303
2006,BENTON,160600,172,4,132,964,4,652,17,23,11564
2007,BENTON,162900,143,6,111,918,3,650,13,27,12420
2008,BENTON,165500,166,6,147,897,3,698,12,30,13004
2009,BENTON,169300,164,5,123,880,1,759,14,32,13729
2010,BENTON,172900,172,3,141,858,2,754,10,26,13441
2011,BENTON,177900,161,4,93,694,3,611,5,18,6818
2012,BENTON,180000,106,3,56,436,0,442,4,29,3733
2013,BENTON,183400,942,0,97,359,8,986,16,21,5188
2014,BENTON,186500,980,2,117,322,2,1063,18,22,5240
2015,BENTON,188590,874,2,114,349,3,997,22,17,4721
2016,BENTON,190500,845,3,88,310,2,930,30,23,4369
2017,BENTON,193500,869,3,99,327,3,909,28,32,4510
2018,BENTON,197420,879,2,112,344,3,1049,38,25,4846
2019,BENTON,201800,967,2,125,355,2,1104,23,22,5229
2020,BENTON,205700,977,1,177,286,7,997,40,46,4576
1990,CHELAN,52250,60,2,55,227,1,358,11,15,3831
1991,CHELAN,53917,76,1,53,167,0,374,14,7,3778
1992,CHELAN,55671,58,7,89,209,4,378,12,19,4267
1993,CHELAN,57933,44,2,56,198,3,442,8,11,4117
1994,CHELAN,60977,73,1,53,236,2,578,24,17,4631
1995,CHELAN,63839,79,2,97,339,4,568,33,9,4631
1996,CHELAN,64894,86,0,69,256,0,445,7,14,4267
1997,CHELAN,65936,70,1,49,306,0,424,14,13,4783
1998,CHELAN,66411,69,1,71,244,1,419,7,4,4497
1999,CHELAN,66913,64,0,56,254,0,427,2,7,4252
2000,CHELAN,66616,35,0,23,162,2,228,9,3,2383
2001,CHELAN,67100,43,0,42,209,1,242,5,8,2681
2002,CHELAN,67600,33,0,54,234,3,263,6,15,2687
2003,CHELAN,67900,35,2,30,319,1,242,9,15,2869
2004,CHELAN,68400,48,0,47,295,2,270,12,8,2481
2005,CHELAN,69200,47,1,39,234,2,245,6,12,2354
2006,CHELAN,70100,43,1,25,369,0,233,4,18,2532
2007,CHELAN,71200,48,2,34,360,1,254,12,5,2636
2008,CHELAN,72100,50,1,50,311,3,195,8,6,2420
2009,CHELAN,72600,69,0,43,275,0,187,3,8,2346
2010,CHELAN,73300,47,1,52,255,2,212,14,6,2192
2011,CHELAN,72700,55,0,38,194,2,217,3,9,1945
2012,CHELAN,73200,41,0,36,135,1,229,4,8,1400
2013,CHELAN,73600,431,2,36,167,0,419,11,9,2068
2014,CHELAN,74300,399,4,52,202,1,381,5,8,1902
2015,CHELAN,75030,464,2,50,191,0,371,12,3,2054
2016,CHELAN,75910,430,2,63,238,0,326,15,8,2061
2017,CHELAN,76830,415,2,44,242,2,272,13,11,1983
2018,CHELAN,77800,426,2,53,258,0,248,20,9,2101
2019,CHELAN,78420,349,0,30,296,0,164,15,11,2076
2020,CHELAN,79660,304,0,22,216,3,133,10,0,1511
1990,CLALLAM,56204,30,3,32,64,1,182,6,2,2865
1991,CLALLAM,57847,27,3,31,73,1,303,11,4,2835
1992,CLALLAM,58776,46,1,40,108,1,259,12,9,2153
1993,CLALLAM,59860,16,1,21,91,1,215,2,4,1561
1994,CLALLAM,60691,48,5,51,179,2,263,8,4,2110
1995,CLALLAM,61461,76,16,74,164,2,239,7,11,2324
1996,CLALLAM,62343,47,2,71,179,0,230,11,6,2145
1997,CLALLAM,62889,61,8,54,187,1,201,8,4,1856
1998,CLALLAM,63444,51,2,55,151,1,173,9,11,1562
1999,CLALLAM,64365,35,6,41,179,0,211,6,7,1714
2000,CLALLAM,64179,38,5,57,186,1,234,0,3,2868
2001,CLALLAM,64454,55,8,73,207,5,235,7,5,2840
2002,CLALLAM,64900,46,7,68,247,1,252,1,13,2803
2003,CLALLAM,65300,66,2,67,248,0,271,6,3,2571
2004,CLALLAM,65900,67,5,65,248,3,232,12,13,2382
2005,CLALLAM,66800,65,6,87,238,2,262,16,8,2442
2006,CLALLAM,67800,71,0,81,270,5,222,11,4,2632
2007,CLALLAM,68500,67,2,51,297,1,265,8,8,2701
2008,CLALLAM,69200,71,9,56,208,0,260,19,11,2940
2009,CLALLAM,69500,78,1,69,203,5,244,18,16,2876
2010,CLALLAM,70100,37,1,38,158,0,151,1,4,1047
2011,CLALLAM,71600,44,1,40,161,2,257,5,7,1622
2012,CLALLAM,72000,51,0,39,111,3,266,3,8,1245
2013,CLALLAM,72350,434,3,80,164,0,518,5,12,1917
2014,CLALLAM,72500,448,0,78,204,6,437,8,14,1835
2015,CLALLAM,72650,451,1,67,147,1,445,7,9,1745
2016,CLALLAM,73410,436,4,51,168,1,374,5,3,1729
2017,CLALLAM,74240,367,1,45,189,2,401,3,8,1673
2018,CLALLAM,75130,397,2,50,176,0,363,6,11,1652
2019,CLALLAM,76010,415,3,51,170,4,346,8,11,1674
2020,CLALLAM,76770,377,4,57,116,2,244,12,8,1298
1990,CLARK,238053,143,7,166,344,11,1193,41,28,7402
1991,CLARK,248435,185,9,198,323,0,1001,18,60,7165
1992,CLARK,256011,218,9,152,422,6,1060,18,56,7625
1993,CLARK,267748,255,10,145,446,7,863,29,34,6567
1994,CLARK,277670,240,8,206,754,6,1196,37,81,8905
1995,CLARK,290111,315,4,231,886,10,1313,29,78,8458
1996,CLARK,304348,266,3,186,736,5,975,24,52,7777
1997,CLARK,317324,305,3,176,796,6,1111,14,81,8166
1998,CLARK,327818,373,7,187,747,4,992,12,52,7992
1999,CLARK,337625,280,7,290,972,4,1191,17,81,8861
2000,CLARK,345238,308,17,288,1327,2,1435,16,102,9993
2001,CLARK,352600,386,9,326,1356,6,1672,25,84,9296
2002,CLARK,363400,266,11,350,1236,2,1716,44,110,8357
2003,CLARK,372300,236,3,351,1166,0,1742,40,86,9138
2004,CLARK,383300,230,11,383,1089,9,1804,46,115,9698
2005,CLARK,391500,192,11,392,1231,13,1813,51,121,9892
2006,CLARK,403500,175,29,337,1164,3,1375,62,97,9412
2007,CLARK,415000,174,16,254,1172,1,1480,23,121,9636
2008,CLARK,424200,169,14,260,909,1,1484,32,130,8910
2009,CLARK,431200,197,18,250,746,5,1729,64,127,9194
2010,CLARK,435600,170,24,265,689,1,1733,36,113,8572
2011,CLARK,428001,230,9,348,613,2,2037,35,124,9258
2012,CLARK,431250,179,12,344,682,8,1738,24,132,12129
2013,CLARK,435500,1457,12,234,545,1,1364,26,111,11689
2014,CLARK,442800,1500,9,230,513,5,1274,27,89,10196
2015,CLARK,451820,1370,15,295,519,2,1346,28,86,10101
2016,CLARK,461010,1144,5,204,506,4,897,19,57,8632
2017,CLARK,471000,1095,6,165,494,9,668,12,60,7917
2018,CLARK,479500,1183,8,210,362,6,702,25,76,7688
2019,CLARK,488500,1085,3,266,479,3,781,25,74,8578
2020,CLARK,499200,1274,19,266,337,2,681,23,67,5955
1990,COLUMBIA,4024,0,0,7,5,0,9,0,0,99
1991,COLUMBIA,4153,1,1,4,11,0,16,0,0,204
1992,COLUMBIA,4216,2,0,8,11,0,15,1,0,262
1993,COLUMBIA,4475,3,0,2,5,0,13,3,0,245
1994,COLUMBIA,4402,2,0,5,7,0,19,1,0,166
1995,COLUMBIA,4704,2,0,6,11,0,8,0,2,159
1996,COLUMBIA,4772,2,0,7,14,0,13,0,0,213
1997,COLUMBIA,4527,2,0,2,9,0,7,0,1,112
1998,COLUMBIA,4484,2,0,4,22,0,17,0,1,145
1999,COLUMBIA,4272,4,0,10,21,0,11,0,0,188
2000,COLUMBIA,4064,6,0,10,22,0,8,0,0,158
2001,COLUMBIA,4100,5,0,3,28,0,17,0,0,178
2002,COLUMBIA,4100,1,0,3,36,1,14,0,0,177
2003,COLUMBIA,4100,3,0,3,10,0,7,1,0,99
2004,COLUMBIA,4100,3,1,5,4,1,8,0,0,112
2005,COLUMBIA,4100,3,0,6,13,0,9,0,3,134
2006,COLUMBIA,4100,2,0,2,18,0,11,0,0,101
2007,COLUMBIA,4100,2,0,7,18,0,12,0,0,154
2008,COLUMBIA,4100,2,0,8,11,0,12,0,0,97
2009,COLUMBIA,4100,2,0,2,8,0,10,0,0,86
2010,COLUMBIA,4150,2,0,4,7,1,8,0,0,89
2011,COLUMBIA,4100,3,0,1,8,0,10,0,0,78
2012,COLUMBIA,4100,2,0,4,0,1,4,0,0,19
2013,COLUMBIA,4100,3,0,1,0,0,4,0,0,16
2014,COLUMBIA,4080,0,0,0,0,0,0,0,0,0
2015,COLUMBIA,4090,0,0,0,0,0,0,0,0,0
2016,COLUMBIA,4050,1,0,0,0,0,0,0,0,7
2017,COLUMBIA,4100,17,0,2,0,0,2,0,0,36
2018,COLUMBIA,4150,12,0,2,1,0,5,1,0,29
2019,COLUMBIA,4160,14,0,3,0,0,8,1,0,44
2020,COLUMBIA,4185,10,0,3,1,0,1,0,0,28
1990,COWLITZ,82119,51,0,85,202,0,462,23,11,4428
1991,COWLITZ,83750,92,3,85,383,5,521,23,17,4554
1992,COWLITZ,84279,51,1,71,177,2,339,11,7,3536
1993,COWLITZ,86012,51,0,47,225,2,216,15,6,2621
1994,COWLITZ,87220,21,0,14,38,0,98,5,10,1549
1995,COWLITZ,88215,102,4,67,169,4,462,25,13,4309
1996,COWLITZ,90044,67,1,123,211,6,547,13,5,4393
1997,COWLITZ,90728,95,5,91,235,1,561,23,9,4536
1998,COWLITZ,91608,110,3,125,241,2,440,20,17,4696
1999,COWLITZ,92700,112,3,110,201,8,499,23,10,4024
2000,COWLITZ,92948,96,1,104,229,2,408,18,32,4019
2001,COWLITZ,93900,132,4,103,273,1,393,20,19,3818
2002,COWLITZ,94400,102,0,103,233,3,275,19,13,2794
2003,COWLITZ,94900,116,6,104,347,3,353,18,17,3613
2004,COWLITZ,95300,171,2,104,394,2,536,17,28,4036
2005,COWLITZ,95900,147,8,135,423,7,590,31,26,4801
2006,COWLITZ,96800,118,6,114,522,6,566,23,24,6162
2007,COWLITZ,97800,130,10,98,504,4,574,24,20,6425
2008,COWLITZ,99000,134,2,86,384,3,534,40,29,5813
2009,COWLITZ,99600,128,2,102,394,1,683,21,15,5851
2010,COWLITZ,100000,118,5,88,431,2,588,29,30,4836
2011,COWLITZ,102700,126,9,125,470,3,728,25,37,3954
2012,COWLITZ,103050,105,5,98,333,1,657,21,40,3112
2013,COWLITZ,103300,845,4,175,458,2,1004,40,43,4379
2014,COWLITZ,103700,775,2,129,515,1,1149,23,22,4414
2015,COWLITZ,104280,750,2,103,541,4,966,26,26,4928
2016,COWLITZ,104850,723,1,116,619,0,979,25,43,5278
2017,COWLITZ,105900,675,1,91,623,2,867,32,19,4897
2018,COWLITZ,107310,684,4,102,615,1,747,15,20,5316
2019,COWLITZ,108950,335,1,38,300,3,368,6,5,3779
2020,COWLITZ,110500,483,3,66,313,0,392,20,18,3177
1990,DOUGLAS,26205,30,1,13,31,1,238,6,0,1102
1991,DOUGLAS,27033,30,0,16,31,0,221,5,6,1076
1992,DOUGLAS,27999,25,0,17,41,1,255,3,0,1294
1993,DOUGLAS,28816,35,0,7,58,3,273,10,0,1262
1994,DOUGLAS,29750,25,2,14,35,0,227,5,0,1070
1995,DOUGLAS,30031,27,2,31,57,1,262,5,2,1220
1996,DOUGLAS,30532,24,1,17,57,1,292,6,0,1155
1997,DOUGLAS,31252,29,0,28,68,2,258,6,6,1165
1998,DOUGLAS,32043,22,0,30,65,0,253,3,0,1021
1999,DOUGLAS,32524,14,1,21,62,2,241,3,1,1037
2000,DOUGLAS,32603,18,0,28,91,1,112,3,1,1032
2001,DOUGLAS,32800,21,0,30,81,0,174,4,0,1063
2002,DOUGLAS,33100,18,0,20,76,1,207,3,1,1036
2003,DOUGLAS,33600,18,2,22,87,2,207,3,0,1163
2004,DOUGLAS,34200,27,0,13,76,3,204,2,4,1100
2005,DOUGLAS,34700,22,1,21,67,0,127,5,8,966
2006,DOUGLAS,35700,15,1,18,70,1,116,4,6,1010
2007,DOUGLAS,36300,29,0,13,63,1,109,2,1,940
2008,DOUGLAS,37000,17,1,6,73,1,140,3,0,917
2009,DOUGLAS,37600,19,0,15,83,0,114,1,2,996
2010,DOUGLAS,38500,4,1,10,52,0,104,0,4,670
2011,DOUGLAS,38650,10,0,24,72,1,180,1,2,907
2012,DOUGLAS,38900,11,1,12,42,2,55,0,1,583
2013,DOUGLAS,39280,124,0,18,44,0,97,2,2,684
2014,DOUGLAS,39700,118,0,17,52,0,106,2,3,689
2015,DOUGLAS,39990,127,2,14,72,1,113,2,2,750
2016,DOUGLAS,40720,119,0,23,84,0,167,6,1,891
2017,DOUGLAS,41420,103,0,8,55,0,116,5,2,697
2018,DOUGLAS,42120,116,1,13,78,1,123,4,4,836
2019,DOUGLAS,42820,96,1,8,54,0,95,5,1,631
2020,DOUGLAS,43750,110,0,7,37,0,65,7,5,549
1990,FERRY,6295,4,1,7,18,2,12,3,0,231
1991,FERRY,6409,12,0,7,8,1,15,3,0,262
1992,FERRY,6773,20,0,12,18,0,18,3,2,314
1993,FERRY,6714,11,0,6,23,0,21,4,0,313
1994,FERRY,6893,22,0,9,24,0,29,4,0,324
1995,FERRY,6927,27,0,6,16,0,11,2,1,325
1996,FERRY,7130,10,0,2,16,0,12,0,1,251
1997,FERRY,7127,7,1,2,12,0,9,2,0,163
1998,FERRY,7042,4,0,8,22,0,13,0,0,163
1999,FERRY,7271,1,0,10,20,0,13,0,0,166
2000,FERRY,7260,4,1,11,29,2,16,0,0,199
2001,FERRY,7300,7,1,17,11,0,10,1,0,172
2002,FERRY,7300,10,0,8,31,0,14,0,0,204
2003,FERRY,7300,4,0,4,11,0,9,0,0,146
2004,FERRY,7300,0,0,0,0,0,0,0,0,0
2005,FERRY,7400,4,0,3,8,0,15,1,0,145
2006,FERRY,7500,5,0,9,21,0,12,1,0,164
2007,FERRY,7550,3,0,3,14,1,6,0,0,129
2008,FERRY,7700,8,0,9,15,1,16,0,0,141
2009,FERRY,7800,5,0,6,12,0,9,0,0,139
2010,FERRY,7850,8,0,8,14,0,6,0,0,142
2011,FERRY,7600,1,0,3,9,0,3,0,0,107
2012,FERRY,7650,11,0,5,7,0,2,1,0,71
2013,FERRY,7650,16,0,6,0,0,6,4,0,69
2014,FERRY,7660,35,0,2,28,0,4,2,0,102
2015,FERRY,7710,26,0,5,3,0,2,1,1,76
2016,FERRY,7700,5,0,0,0,0,0,1,0,7
2017,FERRY,7740,1,0,1,0,0,0,0,0,8
2018,FERRY,7780,7,0,1,0,0,0,0,0,9
2019,FERRY,7830,12,0,0,2,0,2,2,0,36
2020,FERRY,7910,26,0,1,6,0,3,1,0,75
1990,FRANKLIN,37473,60,2,54,237,2,437,5,17,2988
1991,FRANKLIN,39397,47,0,32,238,1,355,16,18,3587
1992,FRANKLIN,40513,79,2,35,226,4,342,17,17,3714
1993,FRANKLIN,42227,80,0,28,212,6,330,14,26,3449
1994,FRANKLIN,43900,78,0,29,228,4,318,6,11,3133
1995,FRANKLIN,45756,75,0,29,296,6,289,14,12,3194
1996,FRANKLIN,46361,66,1,33,247,5,218,17,7,3638
1997,FRANKLIN,47206,57,2,32,169,2,182,10,16,3419
1998,FRANKLIN,47747,55,1,45,193,0,150,8,8,2974
1999,FRANKLIN,48306,51,2,31,170,1,158,9,19,2481
2000,FRANKLIN,49347,62,1,22,165,3,121,6,10,2213
2001,FRANKLIN,50400,45,0,38,184,4,126,9,10,2476
2002,FRANKLIN,51300,65,0,26,174,1,134,8,8,2750
2003,FRANKLIN,53600,49,1,22,182,0,148,10,5,2815
2004,FRANKLIN,57000,58,1,22,190,6,138,2,9,2908
2005,FRANKLIN,60500,36,0,33,216,0,182,8,18,2902
2006,FRANKLIN,64200,50,0,34,267,3,129,6,11,3156
2007,FRANKLIN,67400,51,2,33,215,2,146,5,14,3650
2008,FRANKLIN,70200,49,0,58,246,2,174,2,23,3852
2009,FRANKLIN,72700,58,0,30,234,3,216,2,15,3874
2010,FRANKLIN,75500,62,2,30,199,2,186,9,10,3673
2011,FRANKLIN,80500,87,1,46,211,2,214,2,12,2134
2012,FRANKLIN,82500,74,0,50,166,1,127,4,18,1721
2013,FRANKLIN,84800,517,2,32,184,0,344,11,12,2452
2014,FRANKLIN,86600,506,6,48,255,4,291,13,15,2427
2015,FRANKLIN,87150,488,2,45,281,5,334,13,13,2581
2016,FRANKLIN,88670,478,2,64,317,0,315,18,14,2486
2017,FRANKLIN,90330,591,3,66,302,3,292,10,29,2656
2018,FRANKLIN,92540,601,2,49,251,9,279,16,24,2342
2019,FRANKLIN,94680,525,1,65,258,2,366,20,20,2407
2020,FRANKLIN,96760,458,3,65,210,6,319,17,37,2126
1990,GARFIELD,2248,2,0,1,7,0,2,0,0,208
1991,GARFIELD,2184,3,0,5,5,0,7,1,0,330
1992,GARFIELD,2247,8,0,1,7,0,2,0,0,269
1993,GARFIELD,2172,1,0,3,9,0,6,0,0,259
1994,GARFIELD,2203,1,1,1,17,0,3,0,0,234
1995,GARFIELD,2170,0,0,0,11,0,3,0,0,202
1996,GARFIELD,2164,0,0,1,11,0,3,0,0,274
1997,GARFIELD,2252,1,0,0,29,0,4,0,0,263
1998,GARFIELD,2279,2,0,1,20,0,4,1,0,227
1999,GARFIELD,2388,3,1,4,21,0,3,0,0,245
2000,GARFIELD,2397,2,1,0,18,0,14,1,0,248
2001,GARFIELD,2400,2,0,1,24,0,5,0,0,254
2002,GARFIELD,2400,0,2,0,31,0,4,1,0,266
2003,GARFIELD,2400,2,0,0,14,0,7,1,0,228
2004,GARFIELD,2400,0,0,1,14,0,1,0,0,188
2005,GARFIELD,2400,0,0,1,22,0,8,0,0,203
2006,GARFIELD,2400,1,0,0,20,0,7,0,0,169
2007,GARFIELD,2350,3,1,0,29,0,6,0,0,199
2008,GARFIELD,2300,0,0,0,15,0,0,0,0,154
2009,GARFIELD,2250,1,0,0,17,0,2,0,0,145
2010,GARFIELD,2300,0,0,1,20,0,1,2,0,175
2011,GARFIELD,2250,0,0,1,19,1,3,1,0,182
2012,GARFIELD,2250,1,1,1,5,0,3,0,0,100
2013,GARFIELD,2250,12,0,0,7,0,5,0,0,184
2014,GARFIELD,2240,9,0,2,7,0,1,1,0,199
2015,GARFIELD,2260,14,0,1,6,0,5,1,0,126
2016,GARFIELD,2200,7,0,0,11,0,5,0,0,130
2017,GARFIELD,2200,8,1,1,4,0,3,0,0,176
2018,GARFIELD,2210,5,0,0,7,0,0,0,0,218
2019,GARFIELD,2220,1,0,0,5,0,1,0,0,74
2020,GARFIELD,2225,3,0,0,2,0,0,0,0,117
1990,GRANT,54758,49,1,37,78,2,204,3,4,1479
1991,GRANT,56514,58,2,30,128,2,265,2,6,1524
1992,GRANT,58915,48,0,65,110,3,345,7,6,1780
1993,GRANT,61245,89,3,44,174,3,312,14,5,2122
1994,GRANT,63331,91,2,59,162,0,370,14,5,2367
1995,GRANT,66515,147,1,65,187,2,464,19,5,2621
1996,GRANT,68770,101,4,49,197,2,456,12,9,2522
1997,GRANT,70433,198,1,84,294,3,357,25,10,3743
1998,GRANT,72282,143,5,90,354,4,460,25,10,5110
1999,GRANT,73555,125,3,74,330,5,375,20,13,5074
2000,GRANT,74698,86,3,64,389,3,372,31,20,5695
2001,GRANT,75900,98,1,86,426,2,305,22,15,5824
2002,GRANT,76400,101,7,86,355,3,308,31,25,5288
2003,GRANT,77100,106,7,113,401,2,336,23,17,5484
2004,GRANT,78300,93,5,102,331,4,382,31,9,4928
2005,GRANT,79100,111,4,111,358,6,382,29,36,5061
2006,GRANT,80600,95,2,124,300,3,437,20,25,4597
2007,GRANT,82500,122,3,118,284,3,382,26,17,4710
2008,GRANT,84600,140,2,114,342,10,339,23,28,4847
2009,GRANT,86100,135,4,106,249,15,329,7,17,4361
2010,GRANT,87700,110,3,120,228,7,358,14,39,4517
2011,GRANT,90100,103,1,121,335,7,422,16,21,4542
2012,GRANT,91000,62,3,101,209,3,335,13,24,2131
2013,GRANT,91800,604,6,148,181,3,546,25,33,3086
2014,GRANT,92900,582,4,136,167,1,556,25,28,2839
2015,GRANT,93930,530,3,141,166,7,462,24,37,2696
2016,GRANT,94610,555,1,158,209,1,398,24,13,2546
2017,GRANT,95630,514,0,124,189,4,331,18,24,2296
2018,GRANT,97350,301,1,72,128,0,292,9,10,1539
2019,GRANT,98740,352,1,112,124,0,315,12,13,2364
2020,GRANT,100130,400,2,97,87,0,253,8,15,1781
1990,GRAYS HARBOR,64175,88,0,91,212,4,445,15,7,5278
1991,GRAYS HARBOR,65296,61,6,106,228,8,635,9,15,6164
1992,GRAYS HARBOR,66157,84,7,88,240,2,498,22,23,5843
1993,GRAYS HARBOR,67176,59,4,89,284,4,465,19,16,6079
1994,GRAYS HARBOR,67373,54,15,63,356,6,496,9,19,6320
1995,GRAYS HARBOR,67880,75,10,86,450,2,516,14,9,6677
1996,GRAYS HARBOR,68162,66,6,65,326,6,473,20,11,6190
1997,GRAYS HARBOR,68188,66,2,83,509,6,461,14,12,5937
1998,GRAYS HARBOR,67587,55,6,78,442,1,504,14,16,5833
1999,GRAYS HARBOR,67349,56,3,81,425,0,407,12,10,5227
2000,GRAYS HARBOR,67194,38,1,62,376,2,375,14,4,4665
2001,GRAYS HARBOR,68500,35,8,74,394,1,379,16,7,4579
2002,GRAYS HARBOR,68400,29,8,71,419,4,367,13,11,4522
2003,GRAYS HARBOR,68800,55,12,85,533,2,399,15,9,4671
2004,GRAYS HARBOR,69200,57,12,137,445,4,456,12,15,4526
2005,GRAYS HARBOR,69800,63,15,118,417,2,535,12,18,4627
2006,GRAYS HARBOR,70400,62,1,160,554,3,395,7,16,4985
2007,GRAYS HARBOR,70800,56,8,128,557,5,423,12,27,4916
2008,GRAYS HARBOR,70900,62,5,111,551,0,425,7,20,4451
2009,GRAYS HARBOR,71200,50,9,111,448,2,438,8,30,3975
2010,GRAYS HARBOR,71600,52,3,181,407,1,519,9,25,4006
2011,GRAYS HARBOR,72900,54,3,176,444,4,486,15,18,4022
2012,GRAYS HARBOR,73150,30,0,84,228,1,378,7,22,2968
2013,GRAYS HARBOR,73200,373,0,150,258,2,624,31,17,3465
2014,GRAYS HARBOR,73300,439,6,102,222,1,498,40,20,2920
2015,GRAYS HARBOR,73110,491,2,99,306,1,501,19,18,2988
2016,GRAYS HARBOR,72820,406,5,75,247,2,532,44,11,2687
2017,GRAYS HARBOR,72970,426,2,122,250,8,519,42,15,2635
2018,GRAYS HARBOR,73610,460,5,107,218,1,597,33,12,2730
2019,GRAYS HARBOR,74160,358,4,51,314,2,415,29,9,2478
2020,GRAYS HARBOR,74720,410,2,69,231,3,445,14,4,2406
1990,ISLAND,60195,18,2,30,54,0,108,8,0,1135
1991,ISLAND,62107,25,1,40,51,1,146,10,0,1512
1992,ISLAND,63947,25,3,18,60,0,137,4,1,1310
1993,ISLAND,64193,32,0,34,78,0,96,16,2,1365
1994,ISLAND,66239,26,0,27,64,0,130,4,3,1701
1995,ISLAND,66462,33,0,23,90,2,126,9,4,1759
1996,ISLAND,67856,30,1,18,105,0,93,5,5,1742
1997,ISLAND,68967,20,0,21,86,1,123,11,2,1840
1998,ISLAND,69609,18,0,32,129,0,95,5,3,1770
1999,ISLAND,70512,5,0,7,39,0,15,1,2,261
2000,ISLAND,71558,0,0,5,1,0,4,0,0,28
2001,ISLAND,72400,3,0,3,18,0,17,1,0,134
2002,ISLAND,73100,1,0,1,0,0,1,0,0,12
2003,ISLAND,74000,24,3,39,135,2,166,9,2,1191
2004,ISLAND,74800,16,0,9,48,0,62,6,1,598
2005,ISLAND,76000,31,0,34,100,3,131,11,2,1498
2006,ISLAND,77200,36,4,59,161,2,123,9,4,1811
2007,ISLAND,78400,34,2,23,170,1,116,8,2,2049
2008,ISLAND,79300,59,2,42,202,2,143,15,1,2174
2009,ISLAND,80300,49,2,31,109,0,105,5,2,1661
2010,ISLAND,81100,44,1,25,95,0,103,5,0,1172
2011,ISLAND,78800,43,3,41,105,3,119,6,1,1220
2012,ISLAND,79350,41,0,27,49,2,101,5,1,860
2013,ISLAND,79700,234,0,34,32,0,156,1,2,1435
2014,ISLAND,80000,216,1,25,24,0,142,6,10,1076
2015,ISLAND,80600,210,1,13,17,3,73,7,5,761
2016,ISLAND,82910,196,0,28,44,0,98,6,4,940
2017,ISLAND,82790,151,2,20,23,0,73,1,2,769
2018,ISLAND,83860,192,0,23,56,0,71,4,6,946
2019,ISLAND,84820,99,0,19,19,0,24,8,0,417
2020,ISLAND,85530,128,1,17,2,0,25,5,1,490
1990,JEFFERSON,20406,7,0,22,42,1,38,2,0,462
1991,JEFFERSON,21408,7,1,32,26,0,73,8,0,477
1992,JEFFERSON,22238,19,0,32,29,0,69,3,0,669
1993,JEFFERSON,22732,23,1,14,41,0,89,7,0,661
1994,JEFFERSON,23298,25,2,35,44,0,107,2,0,757
1995,JEFFERSON,24112,39,0,33,29,0,51,7,4,616
1996,JEFFERSON,24437,24,6,18,47,0,85,3,2,902
1997,JEFFERSON,25116,18,1,34,95,0,74,4,3,813
1998,JEFFERSON,25451,26,0,36,62,2,110,3,1,964
1999,JEFFERSON,25664,46,1,23,104,0,79,5,2,1251
2000,JEFFERSON,26299,28,0,49,133,3,73,4,4,1083
2001,JEFFERSON,26446,28,2,15,104,0,48,2,1,878
2002,JEFFERSON,26600,40,2,16,75,2,57,5,3,757
2003,JEFFERSON,26700,12,0,29,70,1,114,8,6,710
2004,JEFFERSON,27000,20,0,27,73,0,99,8,1,731
2005,JEFFERSON,27600,30,1,13,103,0,141,4,2,795
2006,JEFFERSON,28200,24,2,32,139,0,63,4,5,823
2007,JEFFERSON,28600,33,0,19,131,0,62,0,4,715
2008,JEFFERSON,28800,25,0,26,127,0,45,2,2,699
2009,JEFFERSON,29000,21,1,21,103,1,62,2,2,595
2010,JEFFERSON,29300,22,0,16,107,0,68,1,2,579
2011,JEFFERSON,30050,14,1,10,54,0,33,1,4,588
2012,JEFFERSON,30175,20,1,12,27,0,48,0,1,511
2013,JEFFERSON,30275,119,0,24,46,0,79,1,1,718
2014,JEFFERSON,30700,127,2,23,42,0,63,6,2,672
2015,JEFFERSON,30880,108,0,19,46,1,45,3,5,591
2016,JEFFERSON,31090,99,1,16,45,1,45,4,2,554
2017,JEFFERSON,31360,78,1,14,59,0,24,0,8,408
2018,JEFFERSON,31590,87,3,22,80,1,66,1,3,481
2019,JEFFERSON,31900,111,2,24,82,0,51,3,1,534
2020,JEFFERSON,32190,88,0,25,104,0,35,0,3,445
1990,KING,1507319,1658,64,1114,4913,54,13306,302,351,82369
1991,KING,1553074,2781,54,1026,4751,51,11945,302,376,80792
1992,KING,1579183,2645,60,964,4689,59,12408,306,457,85430
1993,KING,1606135,2995,77,870,4957,65,12306,327,480,86577
1994,KING,1624322,1146,25,875,5965,81,12121,293,484,80390
1995,KING,1642451,1190,25,766,5421,58,11897,255,483,74986
1996,KING,1659385,1140,39,769,5278,46,11267,241,417,70720
1997,KING,1679516,687,9,527,4832,37,7527,106,315,43904
1998,KING,1702140,988,17,630,6043,38,7978,183,393,49371
1999,KING,1720098,1024,25,674,5974,39,7113,189,411,46142
2000,KING,1737034,1130,22,706,7461,42,7016,148,400,50325
2001,KING,1758300,1174,23,681,7097,34,6557,133,458,49175
2002,KING,1774312,871,10,501,4474,22,6264,120,266,45430
2003,KING,1779300,938,29,637,5088,24,6568,155,408,45533
2004,KING,1788300,793,34,683,4544,26,6977,117,390,44446
2005,KING,1808300,826,60,633,4560,19,6793,92,393,45354
2006,KING,1835300,882,51,954,7457,46,6619,159,472,48549
2007,KING,1861300,836,28,880,6999,46,7724,186,496,48682
2008,KING,1884200,761,32,675,3679,15,5790,82,404,40888
2009,KING,1909300,982,17,664,3049,21,6789,91,534,41590
2010,KING,1933400,952,12,709,2741,15,5925,53,450,36853
2011,KING,1942600,1001,16,566,2128,12,5834,61,436,34439
2012,KING,1957000,1162,17,676,1926,24,5424,62,411,27609
2013,KING,1981900,5591,13,739,1943,11,7391,107,474,33930
2014,KING,2017250,5723,15,647,1737,24,7621,119,464,34161
2015,KING,2052800,6444,22,694,1890,16,7636,130,522,35765
2016,KING,2105100,6218,26,902,2005,16,7150,158,513,35570
2017,KING,2153700,6739,20,991,2496,29,6669,156,558,36560
2018,KING,2190200,7597,34,938,2887,23,7377,181,620,40116
2019,KING,2226300,7608,45,931,2937,33,7352,207,536,39315
2020,KING,2260800,7591,60,1311,2815,34,6133,227,542,33483
1990,KITSAP,189731,90,0,102,154,4,421,17,7,3948
1991,KITSAP,197462,102,8,85,125,1,428,17,10,3646
1992,KITSAP,204960,103,5,76,154,2,631,18,27,4199
1993,KITSAP,209558,141,2,73,232,2,541,23,19,4344
1994,KITSAP,212253,136,7,81,308,11,513,24,18,5050
1995,KITSAP,220459,176,7,120,437,3,754,31,28,6906
1996,KITSAP,223323,180,7,115,394,6,807,24,49,9093
1997,KITSAP,228181,265,6,151,463,2,885,49,34,9728
1998,KITSAP,229841,262,6,193,657,3,768,29,43,8987
1999,KITSAP,229568,243,6,164,570,5,666,64,39,9413
2000,KITSAP,231969,409,20,226,565,7,832,48,53,10663
2001,KITSAP,233400,355,13,165,770,10,754,40,57,9773
2002,KITSAP,234700,331,4,171,779,1,724,52,66,10113
2003,KITSAP,237000,357,9,153,547,8,481,44,53,6966
2004,KITSAP,239500,351,9,172,476,4,489,56,67,5858
2005,KITSAP,240400,353,4,216,685,6,524,52,51,6874
2006,KITSAP,243400,347,4,188,825,4,577,55,49,7143
2007,KITSAP,244800,307,2,205,923,2,614,43,62,7744
2008,KITSAP,246800,299,8,235,828,5,549,57,53,7170
2009,KITSAP,247600,300,3,203,720,4,604,41,61,7068
2010,KITSAP,248300,285,6,204,596,8,624,46,71,7165
2011,KITSAP,253900,241,5,215,514,5,660,33,70,6076
2012,KITSAP,254500,148,6,131,328,3,563,10,47,3206
2013,KITSAP,254000,840,9,222,324,2,773,29,36,4032
2014,KITSAP,255900,813,6,175,296,1,803,26,33,3720
2015,KITSAP,258200,805,2,183,308,6,721,29,39,3614
2016,KITSAP,262590,874,7,171,357,2,674,27,45,3690
2017,KITSAP,264300,868,1,164,465,6,663,32,31,3929
2018,KITSAP,267120,944,7,186,435,6,512,27,48,3998
2019,KITSAP,270100,921,2,167,501,5,473,25,26,3794
2020,KITSAP,272200,861,1,161,386,5,455,14,24,3270
1990,KITTITAS,26725,10,2,15,56,0,138,2,0,1012
1991,KITTITAS,27635,24,2,12,27,0,112,4,0,941
1992,KITTITAS,28241,28,1,19,46,0,112,4,1,952
1993,KITTITAS,29491,25,1,24,86,0,158,5,0,1176
1994,KITTITAS,30546,38,1,22,107,0,94,5,1,1351
1995,KITTITAS,31195,19,1,16,93,0,124,5,0,1184
1996,KITTITAS,31866,42,1,27,78,0,115,5,2,1339
1997,KITTITAS,32325,25,1,36,148,0,145,8,1,1614
1998,KITTITAS,32309,26,2,37,144,0,132,3,4,1819
1999,KITTITAS,34538,46,2,38,146,1,176,6,2,1762
2000,KITTITAS,33362,37,0,48,195,0,152,3,8,2132
2001,KITTITAS,34000,20,5,52,245,0,166,5,0,2134
2002,KITTITAS,34800,20,0,33,266,2,174,5,3,2068
2003,KITTITAS,35200,15,2,33,261,0,131,2,1,2042
2004,KITTITAS,35800,12,2,30,153,0,152,7,5,1824
2005,KITTITAS,36600,27,0,29,170,1,128,2,8,1679
2006,KITTITAS,37400,13,0,34,256,0,119,2,4,1948
2007,KITTITAS,38300,16,3,39,266,1,163,6,3,2307
2008,KITTITAS,39400,22,1,45,288,0,136,8,7,2558
2009,KITTITAS,39900,17,2,34,284,1,169,6,13,2517
2010,KITTITAS,40500,11,0,37,205,0,165,8,8,2212
2011,KITTITAS,41300,11,2,32,176,1,137,4,10,2074
2012,KITTITAS,41500,8,3,13,99,0,107,3,2,1069
2013,KITTITAS,41900,220,2,44,52,5,135,7,2,1332
2014,KITTITAS,42100,196,4,11,53,1,145,8,7,1263
2015,KITTITAS,42670,195,0,17,95,0,117,12,4,1171
2016,KITTITAS,43710,165,5,24,120,1,108,6,2,1164
2017,KITTITAS,44730,177,2,15,129,1,149,9,4,1082
2018,KITTITAS,45600,171,1,16,102,1,132,12,5,1030
2019,KITTITAS,46570,152,0,14,119,0,136,1,5,949
2020,KITTITAS,48140,163,3,20,91,1,134,3,2,800
1990,KLICKITAT,16616,34,0,13,35,0,33,2,3,615
1991,KLICKITAT,16680,15,2,21,31,1,43,2,0,526
1992,KLICKITAT,16815,13,1,16,33,2,36,7,0,571
1993,KLICKITAT,17184,16,0,27,48,0,24,6,0,535
1994,KLICKITAT,17516,11,0,10,41,0,27,2,0,526
1995,KLICKITAT,17866,30,3,21,67,0,63,4,0,771
1996,KLICKITAT,18312,34,0,24,59,0,44,6,1,768
1997,KLICKITAT,18627,19,2,26,56,0,34,4,0,655
1998,KLICKITAT,18454,26,1,14,36,0,31,1,0,545
1999,KLICKITAT,18793,25,1,19,57,0,34,1,1,597
2000,KLICKITAT,19161,39,1,17,102,2,42,2,3,822
2001,KLICKITAT,19300,24,0,9,56,1,30,3,0,713
2002,KLICKITAT,19300,33,0,22,71,0,55,4,0,937
2003,KLICKITAT,19300,19,0,16,61,0,38,2,0,549
2004,KLICKITAT,19300,16,0,25,120,0,23,7,1,631
2005,KLICKITAT,19500,7,1,32,124,2,31,1,0,819
2006,KLICKITAT,19800,16,0,42,113,0,41,1,6,852
2007,KLICKITAT,19900,13,0,14,80,0,68,0,1,829
2008,KLICKITAT,20100,20,4,35,83,0,71,1,1,838
2009,KLICKITAT,20200,22,2,38,76,1,50,0,0,823
2010,KLICKITAT,20500,19,0,13,128,0,74,1,0,898
2011,KLICKITAT,20500,8,0,20,41,0,31,2,0,485
2012,KLICKITAT,20600,4,0,4,20,0,19,3,1,274
2013,KLICKITAT,20700,57,0,10,12,0,45,0,8,355
2014,KLICKITAT,20850,59,0,5,15,0,22,0,0,345
2015,KLICKITAT,21000,51,1,7,6,0,32,2,0,396
2016,KLICKITAT,21270,58,0,3,11,0,24,5,0,402
2017,KLICKITAT,21660,48,0,7,20,1,33,2,1,291
2018,KLICKITAT,21980,32,0,2,9,0,19,3,0,320
2019,KLICKITAT,22430,47,0,6,8,0,27,1,1,333
2020,KLICKITAT,22770,31,0,5,3,0,25,1,0,241
1990,LEWIS,59358,75,3,74,132,0,171,11,16,2262
1991,LEWIS,60604,68,3,106,110,4,159,16,11,2054
1992,LEWIS,61325,79,5,76,140,3,163,5,6,2161
1993,LEWIS,62798,63,6,102,107,1,380,8,11,2722
1994,LEWIS,63641,89,3,107,167,1,378,13,8,2489
1995,LEWIS,65277,114,6,110,191,2,304,12,3,2552
1996,LEWIS,66283,91,5,135,258,3,411,13,8,3408
1997,LEWIS,67350,116,2,113,270,2,455,9,14,4392
1998,LEWIS,67932,87,0,128,488,1,361,15,15,4486
1999,LEWIS,68542,97,6,119,421,0,305,23,12,4620
2000,LEWIS,68600,100,7,122,366,6,323,13,19,4505
2001,LEWIS,69500,110,5,96,365,2,320,18,28,4424
2002,LEWIS,70200,103,12,119,406,1,398,30,28,4536
2003,LEWIS,70400,91,9,125,455,0,330,17,22,4906
2004,LEWIS,70700,139,11,184,337,1,362,18,25,4354
2005,LEWIS,71600,100,6,126,310,0,337,25,9,3639
2006,LEWIS,72900,76,1,110,296,1,288,14,18,3381
2007,LEWIS,74100,91,6,88,296,3,250,14,21,3333
2008,LEWIS,74700,108,7,113,311,1,384,13,22,3474
2009,LEWIS,75200,80,3,84,252,2,287,14,7,2852
2010,LEWIS,75600,97,2,94,362,4,444,5,20,3361
2011,LEWIS,76000,76,3,81,429,1,313,12,13,2925
2012,LEWIS,76300,48,3,63,263,3,216,9,15,2021
2013,LEWIS,76200,519,2,91,229,1,336,21,13,2574
2014,LEWIS,76300,456,7,95,201,4,455,34,15,2650
2015,LEWIS,76660,430,0,93,172,0,352,24,22,2487
2016,LEWIS,76890,452,1,88,199,1,409,24,20,2795
2017,LEWIS,77440,452,5,87,200,0,388,15,18,2846
2018,LEWIS,78380,533,0,103,232,2,402,23,18,3024
2019,LEWIS,79480,438,1,71,204,3,299,32,15,2700
2020,LEWIS,80250,429,4,56,232,6,315,20,16,2431
1990,LINCOLN,8864,13,0,6,15,0,29,4,0,275
1991,LINCOLN,8903,9,0,6,21,0,33,0,0,349
1992,LINCOLN,8723,5,0,10,22,1,12,3,3,290
1993,LINCOLN,8876,8,0,15,30,0,27,2,2,301
1994,LINCOLN,9144,8,1,11,23,0,15,1,2,297
1995,LINCOLN,9241,12,0,12,24,0,27,1,0,337
1996,LINCOLN,9599,21,0,5,23,0,18,4,0,372
1997,LINCOLN,9883,9,1,5,57,0,9,2,2,336
1998,LINCOLN,10080,13,1,11,36,0,35,1,6,434
1999,LINCOLN,10144,5,0,11,32,0,12,0,0,306
2000,LINCOLN,10184,2,0,20,60,0,19,2,3,328
2001,LINCOLN,10200,4,4,7,54,2,4,0,1,366
2002,LINCOLN,10200,3,0,10,25,1,4,3,0,260
2003,LINCOLN,10100,4,0,5,24,0,7,0,0,246
2004,LINCOLN,10200,3,0,5,23,0,7,2,0,234
2005,LINCOLN,10100,2,0,8,34,0,10,0,0,197
2006,LINCOLN,10200,3,0,7,24,0,15,2,0,182
2007,LINCOLN,10300,2,0,2,39,0,9,0,0,190
2008,LINCOLN,10400,5,1,9,38,0,14,2,0,199
2009,LINCOLN,10450,7,1,6,39,0,18,1,0,220
2010,LINCOLN,10500,2,1,3,20,0,11,1,0,145
2011,LINCOLN,10600,5,0,6,34,0,5,0,0,176
2012,LINCOLN,10675,3,0,12,13,0,16,0,0,132
2013,LINCOLN,10675,40,0,14,14,0,15,1,0,187
2014,LINCOLN,10700,41,0,13,5,0,32,2,0,191
2015,LINCOLN,10720,59,0,7,9,0,18,0,1,200
2016,LINCOLN,10640,63,0,21,26,0,37,1,3,261
2017,LINCOLN,10700,41,0,14,13,0,28,0,0,183
2018,LINCOLN,10810,48,0,12,12,0,53,2,1,223
2019,LINCOLN,10960,60,4,9,9,0,16,2,0,180
2020,LINCOLN,11050,39,5,7,19,0,20,3,0,185
1990,MASON,38341,22,0,54,89,1,163,8,2,1712
1991,MASON,39719,10,1,37,44,2,199,11,5,1954
1992,MASON,40852,27,0,38,82,1,182,15,5,1885
1993,MASON,42443,37,0,33,97,5,165,13,5,2053
1994,MASON,43541,51,2,35,124,2,105,7,7,1831
1995,MASON,44902,65,3,35,109,2,137,16,5,1964
1996,MASON,46491,64,4,47,121,3,140,16,4,2025
1997,MASON,47277,50,2,56,148,4,281,23,8,2520
1998,MASON,47912,61,1,64,131,4,242,14,4,2300
1999,MASON,48513,61,2,64,174,2,246,8,10,2362
2000,MASON,49405,64,1,43,164,2,203,13,13,2348
2001,MASON,49600,54,3,50,167,2,206,16,9,2270
2002,MASON,49800,53,1,54,179,10,205,21,13,2255
2003,MASON,50200,61,1,41,155,0,212,5,4,2187
2004,MASON,50800,65,4,48,197,0,222,24,9,2200
2005,MASON,51900,73,2,77,220,5,227,8,14,2593
2006,MASON,53100,64,1,75,187,3,191,16,26,2505
2007,MASON,54600,91,2,60,246,2,241,14,21,2663
2008,MASON,56300,83,3,61,305,1,147,15,4,2587
2009,MASON,56800,74,0,54,182,0,163,29,9,2326
2010,MASON,57100,54,3,57,140,2,172,13,16,2225
2011,MASON,61100,69,1,47,128,0,155,6,13,2156
2012,MASON,61450,43,0,44,89,8,162,4,7,1603
2013,MASON,61800,158,0,52,109,3,197,13,14,2114
2014,MASON,62000,181,3,54,129,2,205,16,13,2033
2015,MASON,62200,198,6,53,116,3,190,10,16,2123
2016,MASON,62320,157,2,51,139,2,178,7,9,2359
2017,MASON,63190,157,0,52,65,2,92,10,13,1719
2018,MASON,64020,208,10,56,57,2,169,9,13,1425
2019,MASON,64980,195,1,52,81,0,160,12,10,1500
2020,MASON,65650,190,0,60,70,6,191,17,8,1254
1990,OKANOGAN,33350,87,1,39,116,3,177,16,5,2031
1991,OKANOGAN,34428,53,2,34,84,1,165,14,2,1879
1992,OKANOGAN,35274,80,0,34,132,1,154,24,6,1955
1993,OKANOGAN,36638,72,0,40,87,0,224,6,6,1873
1994,OKANOGAN,36947,66,0,29,118,0,153,13,6,1636
1995,OKANOGAN,38943,50,0,30,86,3,79,8,5,1527
1996,OKANOGAN,39185,56,1,22,79,5,104,1,6,1222
1997,OKANOGAN,40277,43,2,24,122,1,93,8,5,1446
1998,OKANOGAN,39427,69,2,27,129,1,82,4,4,1872
1999,OKANOGAN,39429,55,4,37,100,2,106,3,6,1701
2000,OKANOGAN,39564,47,3,33,121,2,122,7,1,1528
2001,OKANOGAN,39700,28,1,38,97,0,103,6,2,1531
2002,OKANOGAN,39800,52,0,46,84,1,90,6,6,1539
2003,OKANOGAN,39600,39,2,28,92,0,85,6,6,1309
2004,OKANOGAN,39600,40,0,40,77,4,69,13,9,1207
2005,OKANOGAN,39600,30,1,44,80,3,101,9,3,1399
2006,OKANOGAN,39800,41,0,24,157,1,103,4,5,1508
2007,OKANOGAN,39800,31,3,24,149,0,105,8,2,1518
2008,OKANOGAN,40100,34,0,43,83,0,91,3,4,1109
2009,OKANOGAN,40500,26,0,37,44,4,95,9,1,1200
2010,OKANOGAN,40900,25,2,27,65,1,85,2,1,1292
2011,OKANOGAN,41200,41,0,26,45,0,91,0,0,1271
2012,OKANOGAN,41425,32,0,33,45,0,81,3,3,1065
2013,OKANOGAN,41500,201,0,40,47,1,134,4,6,1168
2014,OKANOGAN,41700,163,1,38,47,1,125,7,3,1055
2015,OKANOGAN,41860,116,0,29,28,3,121,1,1,1086
2016,OKANOGAN,41730,100,1,38,43,0,81,2,5,1136
2017,OKANOGAN,42110,77,1,28,22,1,57,2,1,742
2018,OKANOGAN,42490,26,0,5,9,0,16,1,0,591
2019,OKANOGAN,42730,55,0,7,22,0,26,2,1,624
2020,OKANOGAN,43130,100,0,16,24,1,39,3,3,551
1990,PACIFIC,18882,9,2,46,98,0,87,8,3,1488
1991,PACIFIC,19146,7,0,15,23,0,36,2,1,551
1992,PACIFIC,19522,8,2,11,33,0,24,1,0,590
1993,PACIFIC,19726,19,1,17,61,1,16,7,2,703
1994,PACIFIC,20306,17,0,12,72,1,33,4,0,998
1995,PACIFIC,20496,19,1,8,73,0,53,3,1,929
1996,PACIFIC,20874,27,1,20,82,2,57,4,2,905
1997,PACIFIC,20813,26,2,21,69,1,66,1,1,997
1998,PACIFIC,20932,41,2,28,105,1,71,7,2,976
1999,PACIFIC,20979,34,4,19,73,0,83,7,3,896
2000,PACIFIC,20984,27,1,16,44,1,77,5,1,887
2001,PACIFIC,21000,30,0,24,70,0,61,2,0,779
2002,PACIFIC,21000,26,0,11,72,1,69,6,2,706
2003,PACIFIC,20900,15,1,10,59,3,109,3,2,720
2004,PACIFIC,21000,21,0,31,74,0,97,1,3,761
2005,PACIFIC,21300,23,0,30,79,2,103,2,1,809
2006,PACIFIC,21500,12,0,25,72,0,55,4,0,751
2007,PACIFIC,21600,15,0,10,84,0,30,4,0,750
2008,PACIFIC,21800,18,2,17,73,0,26,2,1,694
2009,PACIFIC,21800,19,0,12,57,2,20,5,2,698
2010,PACIFIC,22100,13,1,14,62,0,28,2,0,619
2011,PACIFIC,20900,9,0,4,52,0,16,0,0,420
2012,PACIFIC,20970,8,0,5,17,0,16,0,0,154
2013,PACIFIC,21000,106,0,3,37,1,21,6,0,309
2014,PACIFIC,21100,128,0,10,34,0,32,6,0,367
2015,PACIFIC,21210,102,0,6,39,0,26,3,0,337
2016,PACIFIC,21180,101,0,13,34,2,37,2,0,377
2017,PACIFIC,21250,90,0,11,52,0,27,3,0,278
2018,PACIFIC,21420,87,1,6,44,0,21,3,0,237
2019,PACIFIC,21640,67,1,12,37,0,25,3,0,200
2020,PACIFIC,21840,82,0,9,26,0,14,3,0,211
1990,PEND OREILLE,8915,7,0,8,9,1,13,1,0,212
1991,PEND OREILLE,9537,3,0,10,13,2,18,0,0,365
1992,PEND OREILLE,10148,5,0,5,26,0,19,1,0,370
1993,PEND OREILLE,10585,11,0,8,28,0,28,2,0,313
1994,PEND OREILLE,11119,17,0,13,39,0,30,1,0,455
1995,PEND OREILLE,11527,19,0,8,62,3,12,3,0,478
1996,PEND OREILLE,11959,10,0,3,45,0,13,2,1,370
1997,PEND OREILLE,11816,4,0,7,33,0,8,0,0,312
1998,PEND OREILLE,11848,3,0,18,64,0,18,0,0,495
1999,PEND OREILLE,11654,12,0,3,76,0,24,1,0,691
2000,PEND OREILLE,11732,9,0,2,93,0,24,1,0,573
2001,PEND OREILLE,11800,14,0,9,70,1,17,0,1,492
2002,PEND OREILLE,11800,4,0,7,64,0,19,1,2,475
2003,PEND OREILLE,11800,13,0,2,40,1,41,1,0,443
2004,PEND OREILLE,11900,8,0,11,47,0,16,0,0,388
2005,PEND OREILLE,12200,7,0,6,50,0,22,0,4,386
2006,PEND OREILLE,12300,1,0,7,63,2,15,2,0,385
2007,PEND OREILLE,12600,3,1,6,38,1,10,1,3,287
2008,PEND OREILLE,12800,1,0,10,37,0,15,1,0,366
2009,PEND OREILLE,12900,1,1,6,44,0,11,0,0,283
2010,PEND OREILLE,13100,2,0,7,36,0,15,1,0,299
2011,PEND OREILLE,13000,0,0,14,27,0,27,0,1,295
2012,PEND OREILLE,13100,1,0,11,7,1,17,1,0,191
2013,PEND OREILLE,13150,74,0,15,25,1,38,3,0,257
2014,PEND OREILLE,13210,79,1,3,28,0,25,1,0,210
2015,PEND OREILLE,13240,67,1,8,18,0,14,1,0,180
2016,PEND OREILLE,13290,74,0,4,31,0,13,5,1,190
2017,PEND OREILLE,13370,60,2,1,21,0,17,2,0,160
2018,PEND OREILLE,13540,32,0,5,24,0,12,1,0,118
2019,PEND OREILLE,13740,55,0,1,16,1,24,0,0,186
2020,PEND OREILLE,13850,46,0,8,6,4,20,3,0,144
1990,PIERCE,586203,672,14,395,1937,34,3229,106,239,22904
1991,PIERCE,603135,731,22,483,1836,39,3283,117,252,25889
1992,PIERCE,617121,720,18,504,1950,40,3394,92,276,28750
1993,PIERCE,629133,695,27,478,2147,32,2626,111,229,28272
1994,PIERCE,639780,809,14,510,2551,51,2933,107,244,30755
1995,PIERCE,649069,872,25,563,2796,32,3126,96,267,32190
1996,PIERCE,657986,805,20,481,2905,33,2869,75,205,33884
1997,PIERCE,668103,852,14,471,2780,38,2370,74,237,31740
1998,PIERCE,680272,945,23,550,3526,38,2687,68,264,34605
1999,PIERCE,691565,945,16,432,2823,22,2595,49,209,20096
2000,PIERCE,700820,1015,26,426,3167,24,2574,51,245,22370
2001,PIERCE,713400,809,21,360,3064,23,2412,48,259,20612
2002,PIERCE,724998,734,22,401,2434,15,2213,47,251,23005
2003,PIERCE,733700,759,17,400,2298,22,2389,45,230,22132
2004,PIERCE,744000,703,26,468,2121,20,2422,42,234,19061
2005,PIERCE,755900,704,14,455,2254,16,2433,36,221,19032
2006,PIERCE,773500,708,16,410,2371,30,2118,38,239,22300
2007,PIERCE,790500,841,10,416,2758,19,2334,36,252,25609
2008,PIERCE,805400,841,14,386,2605,42,2375,39,205,26482
2009,PIERCE,813600,927,22,440,2343,27,2482,45,299,26787
2010,PIERCE,814600,877,11,578,2160,24,2191,26,277,24591
2011,PIERCE,802150,826,21,598,1774,27,2652,54,288,23554
2012,PIERCE,808200,666,13,486,1056,10,2214,17,212,16863
2013,PIERCE,814500,3873,22,645,1337,22,3407,68,278,21487
2014,PIERCE,821300,3909,27,646,1533,24,3086,89,298,20531
2015,PIERCE,830120,3711,16,678,1585,31,2933,104,222,19157
2016,PIERCE,844490,3730,30,756,1447,13,2941,110,273,19137
2017,PIERCE,859400,3541,27,611,1455,16,2549,106,243,18430
2018,PIERCE,872220,3731,23,609,1705,29,2602,123,256,19478
2019,PIERCE,888300,3910,36,604,1828,9,2370,86,232,19123
2020,PIERCE,900700,3479,38,496,923,38,1856,71,195,13373
1990,SAN JUAN,10035,4,0,3,22,0,22,1,0,381
1991,SAN JUAN,10774,5,1,6,8,0,9,2,0,281
1992,SAN JUAN,10985,8,1,11,5,0,23,1,0,337
1993,SAN JUAN,11419,4,0,8,5,0,18,1,0,272
1994,SAN JUAN,11786,4,0,8,10,0,30,0,1,314
1995,SAN JUAN,12240,1,0,12,12,0,17,0,0,211
1996,SAN JUAN,12592,0,0,4,15,0,18,0,0,188
1997,SAN JUAN,12906,9,0,6,13,0,18,0,0,202
1998,SAN JUAN,13239,0,1,12,16,0,12,0,1,178
1999,SAN JUAN,14019,0,0,4,3,0,11,0,0,180
2000,SAN JUAN,14077,6,0,14,21,0,15,0,0,221
2001,SAN JUAN,14400,3,0,8,25,0,13,0,1,214
2002,SAN JUAN,14600,4,0,3,14,1,9,0,0,169
2003,SAN JUAN,14800,5,0,4,12,1,11,3,0,177
2004,SAN JUAN,15100,4,0,4,13,0,20,1,1,167
2005,SAN JUAN,15500,5,0,6,14,0,19,2,0,177
2006,SAN JUAN,15700,3,0,7,7,0,16,0,1,157
2007,SAN JUAN,15900,2,0,5,12,0,6,0,2,144
2008,SAN JUAN,16100,5,0,5,14,1,8,0,0,195
2009,SAN JUAN,16300,5,0,3,17,0,9,1,0,166
2010,SAN JUAN,16500,6,1,5,8,0,4,0,0,116
2011,SAN JUAN,15900,7,0,4,10,0,8,0,0,116
2012,SAN JUAN,15925,1,0,6,3,0,7,2,0,85
2013,SAN JUAN,16000,28,0,3,4,0,10,2,3,163
2014,SAN JUAN,16100,12,0,0,1,0,2,1,0,71
2015,SAN JUAN,16180,26,0,3,0,0,10,1,0,157
2016,SAN JUAN,16320,43,0,3,1,1,10,0,0,179
2017,SAN JUAN,16510,24,0,6,7,0,11,0,1,192
2018,SAN JUAN,16810,8,0,0,3,0,2,0,0,44
2019,SAN JUAN,17150,18,0,6,18,0,8,0,0,160
2020,SAN JUAN,17340,44,0,5,30,0,9,0,0,194
1990,SKAGIT,79555,23,0,74,158,2,576,27,4,4948
1991,SKAGIT,82882,23,3,79,196,1,664,30,10,4391
1992,SKAGIT,85574,52,7,152,231,0,817,21,23,5387
1993,SKAGIT,88938,47,2,119,221,3,807,35,18,5071
1994,SKAGIT,91316,50,5,103,247,2,764,41,21,4719
1995,SKAGIT,93584,37,8,119,355,3,1011,21,9,5133
1996,SKAGIT,95962,60,14,139,346,1,1015,30,12,5275
1997,SKAGIT,97848,54,1,96,300,1,760,21,13,4410
1998,SKAGIT,99847,45,3,103,251,3,680,20,18,4136
1999,SKAGIT,102071,73,0,119,264,2,696,16,18,4040
2000,SKAGIT,102979,51,0,89,289,4,661,21,20,4217
2001,SKAGIT,104100,54,2,130,211,1,772,22,14,4115
2002,SKAGIT,105100,61,3,81,269,3,773,40,19,4152
2003,SKAGIT,106700,80,5,109,315,1,873,33,19,4455
2004,SKAGIT,108800,97,7,171,249,4,1000,28,22,4582
2005,SKAGIT,110900,65,8,159,274,4,893,38,27,4482
2006,SKAGIT,113100,68,9,157,364,6,648,32,29,4014
2007,SKAGIT,115300,57,4,147,361,1,859,29,30,4025
2008,SKAGIT,117500,65,0,123,368,6,812,35,31,4076
2009,SKAGIT,118900,79,2,128,349,5,933,28,33,4326
2010,SKAGIT,119300,87,7,144,330,0,958,27,39,4318
2011,SKAGIT,117400,54,2,163,350,10,1001,29,49,3763
2012,SKAGIT,117950,32,2,128,266,1,650,28,25,2798
2013,SKAGIT,118600,698,6,156,347,4,1097,29,39,3837
2014,SKAGIT,119500,620,6,119,263,0,1003,34,33,3338
2015,SKAGIT,120620,693,3,152,281,3,1130,24,34,3723
2016,SKAGIT,122270,679,2,151,390,3,982,24,28,3782
2017,SKAGIT,124100,619,7,149,462,13,800,32,30,3505
2018,SKAGIT,126520,620,6,118,491,3,884,26,33,3498
2019,SKAGIT,129200,666,4,130,507,3,809,30,28,3467
2020,SKAGIT,130450,543,8,117,287,4,604,19,29,2683
1990,SKAMANIA,8289,8,0,2,52,0,28,1,0,713
1991,SKAMANIA,8384,8,2,2,49,1,47,2,3,496
1992,SKAMANIA,8770,11,0,6,63,0,14,4,0,377
1993,SKAMANIA,8897,8,0,1,36,1,42,9,0,391
1994,SKAMANIA,8930,12,0,8,31,1,21,5,0,367
1995,SKAMANIA,9118,17,0,0,50,0,27,4,0,514
1996,SKAMANIA,9337,7,3,1,47,0,36,5,0,672
1997,SKAMANIA,9559,11,0,13,31,0,28,2,0,444
1998,SKAMANIA,9562,8,0,2,37,0,31,5,0,445
1999,SKAMANIA,9585,5,0,0,42,0,26,3,0,368
2000,SKAMANIA,9872,3,1,2,55,1,17,0,0,398
2001,SKAMANIA,9900,10,0,0,46,0,25,0,0,355
2002,SKAMANIA,9900,5,0,0,53,1,27,0,0,449
2003,SKAMANIA,9900,10,0,1,58,0,44,0,0,473
2004,SKAMANIA,10100,7,0,1,76,2,25,3,0,515
2005,SKAMANIA,10300,12,1,3,87,1,26,0,0,541
2006,SKAMANIA,10600,9,0,0,75,1,33,4,0,575
2007,SKAMANIA,10700,5,2,2,64,0,6,2,0,554
2008,SKAMANIA,10700,1,0,0,90,1,5,0,0,500
2009,SKAMANIA,10800,2,1,0,61,1,11,5,0,433
2010,SKAMANIA,10900,8,0,0,41,0,25,2,0,423
2011,SKAMANIA,11150,11,0,3,22,0,20,2,0,292
2012,SKAMANIA,11275,12,0,6,32,0,11,3,0,228
2013,SKAMANIA,11300,62,0,3,13,0,10,7,0,171
2014,SKAMANIA,11370,50,1,0,18,1,9,2,0,141
2015,SKAMANIA,11430,39,1,2,7,0,14,2,0,116
2016,SKAMANIA,11500,32,1,0,11,0,7,3,0,94
2017,SKAMANIA,11690,39,0,0,6,2,10,5,0,110
2018,SKAMANIA,11890,50,0,0,4,0,15,1,0,146
2019,SKAMANIA,12060,35,1,0,6,0,9,7,0,108
2020,SKAMANIA,12220,36,1,4,6,0,5,0,0,86
1990,SNOHOMISH,465642,315,6,152,185,7,1659,15,43,9161
1991,SNOHOMISH,480855,493,11,199,181,2,1751,32,51,10523
1992,SNOHOMISH,493874,296,10,202,190,7,1847,25,66,10139
1993,SNOHOMISH,507745,113,4,114,155,3,1367,23,35,6809
1994,SNOHOMISH,517298,133,2,84,307,4,1212,16,27,5426
1995,SNOHOMISH,527649,1277,3,173,437,6,1363,46,53,8549
1996,SNOHOMISH,539579,195,2,161,522,7,1578,45,46,8958
1997,SNOHOMISH,557016,323,13,222,1178,10,1771,73,115,14527
1998,SNOHOMISH,576165,359,26,293,1423,7,1708,90,83,15979
1999,SNOHOMISH,591590,285,15,236,1226,9,1515,98,82,14008
2000,SNOHOMISH,606024,295,12,259,1289,14,1626,100,79,14040
2001,SNOHOMISH,618600,325,32,235,1012,4,1662,82,121,13622
2002,SNOHOMISH,628000,313,21,246,1220,16,1820,87,133,14063
2003,SNOHOMISH,637500,326,13,247,1300,13,1861,51,96,13759
2004,SNOHOMISH,644800,370,16,334,1488,10,2202,68,133,15878
2005,SNOHOMISH,655800,347,21,310,1619,10,2411,79,106,16573
2006,SNOHOMISH,671800,310,13,298,1663,8,2283,75,142,14965
2007,SNOHOMISH,686300,357,18,339,1678,15,2607,67,167,15818
2008,SNOHOMISH,696600,432,16,292,1567,8,2510,95,123,14637
2009,SNOHOMISH,704300,451,14,347,1545,12,2887,78,220,15685
2010,SNOHOMISH,711100,473,20,367,1542,12,2745,80,143,15452
2011,SNOHOMISH,717000,380,19,402,1442,12,2694,76,159,13831
2012,SNOHOMISH,722900,351,25,364,1256,6,2638,66,171,12390
2013,SNOHOMISH,730500,820,16,467,1243,11,3168,69,157,13950
2014,SNOHOMISH,741000,749,17,423,1424,8,3354,81,139,14142
2015,SNOHOMISH,757600,1127,16,385,1482,10,2945,63,154,12976
2016,SNOHOMISH,772860,3378,12,471,2464,12,3462,52,119,16050
2017,SNOHOMISH,789400,3375,14,440,2575,7,3279,62,165,16658
2018,SNOHOMISH,805120,3602,11,416,2741,12,3085,71,138,17721
2019,SNOHOMISH,818700,3641,11,419,2856,13,3621,101,149,18400
2020,SNOHOMISH,830500,3525,11,515,2479,15,3122,113,154,16083
1990,SPOKANE,361364,275,13,431,1948,6,2780,45,112,23379
1991,SPOKANE,372750,190,8,330,1501,6,2428,30,86,17780
1992,SPOKANE,381742,235,20,475,1290,17,2572,23,104,18747
1993,SPOKANE,390815,235,17,366,1353,13,2477,30,93,18637
1994,SPOKANE,395076,272,18,347,1777,5,2622,28,145,17456
1995,SPOKANE,400538,305,10,433,2219,20,2529,37,146,18154
1996,SPOKANE,406584,306,8,366,2042,15,2425,35,128,17809
1997,SPOKANE,409553,378,20,298,1977,14,1996,22,137,15200
1998,SPOKANE,413455,359,11,389,1901,9,2101,21,144,15549
1999,SPOKANE,416713,314,21,369,2174,14,2132,5,140,15343
2000,SPOKANE,417939,341,22,326,2156,13,1930,8,108,15855
2001,SPOKANE,422400,362,7,332,2325,6,2024,14,151,15841
2002,SPOKANE,425600,145,11,86,515,4,564,2,22,4128
2003,SPOKANE,428600,144,7,179,858,1,680,10,51,5374
2004,SPOKANE,432000,194,5,130,812,7,664,9,30,5023
2005,SPOKANE,436300,335,2,163,974,3,646,7,41,5352
2006,SPOKANE,443800,314,4,123,917,3,497,6,34,5050
2007,SPOKANE,451200,362,5,127,1028,3,493,8,34,4978
2008,SPOKANE,459000,287,14,142,885,6,592,7,41,4677
2009,SPOKANE,465000,208,5,162,673,3,529,7,31,4422
2010,SPOKANE,470300,128,3,179,596,5,467,4,30,4168
2011,SPOKANE,472650,125,4,244,579,2,727,5,36,4273
2012,SPOKANE,475600,692,11,889,1065,10,3749,16,255,17601
2013,SPOKANE,480000,502,15,516,1102,14,3044,19,137,14158
2014,SPOKANE,484500,453,12,424,888,24,2495,19,139,11573
2015,SPOKANE,488310,372,7,440,869,17,2177,18,118,16524
2016,SPOKANE,492530,940,8,399,759,12,1725,30,76,12715
2017,SPOKANE,499800,2047,7,273,1039,9,1434,30,77,8132
2018,SPOKANE,507950,2452,7,322,1525,14,1762,28,99,10224
2019,SPOKANE,515250,2638,14,440,1784,5,1908,34,100,11465
2020,SPOKANE,522600,2565,26,581,1240,22,1418,37,119,10019
1990,STATE,4866692,4603,145,3922,13049,168,31627,838,1008,225256
1991,STATE,5021335,5921,161,3825,12160,149,30245,863,1055,220844
1992,STATE,5141177,5680,182,3944,12587,174,30971,840,1256,231173
1993,STATE,5265688,5853,177,3313,13564,168,29325,878,1137,225079
1994,STATE,5364338,4310,146,3383,16307,207,29282,809,1246,222337
1995,STATE,5470104,5884,151,3700,17127,187,30148,833,1285,225538
1996,STATE,5567764,4533,154,3530,17097,171,29641,731,1165,230271
1997,STATE,5663763,4427,138,3401,18327,149,24649,667,1194,208921
1998,STATE,5750033,4855,157,3913,20767,144,25109,726,1297,220216
1999,STATE,5830835,4546,160,3705,19896,133,23603,708,1241,195916
2000,STATE,5894121,4929,173,3661,22199,162,23075,668,1279,202808
2001,STATE,5974900,4841,179,3627,22018,123,22566,638,1399,196602
2002,STATE,6041710,4055,157,3256,21489,127,21073,693,1184,204632
2003,STATE,6098300,4350,186,3631,23358,128,22441,677,1234,211854
2004,STATE,6167800,4362,178,4074,21808,149,23750,691,1333,207853
2005,STATE,6256400,4448,228,4149,22716,187,24040,680,1306,211697
2006,STATE,6375600,4342,182,4243,27385,165,21785,703,1430,219240
2007,STATE,6488000,4585,164,3901,27909,148,23636,702,1500,227339
2008,STATE,6587600,4632,174,3897,23300,134,21705,647,1342,215446
2009,STATE,6668200,4845,134,3784,20621,156,23635,606,1672,213756
2010,STATE,6733250,4668,141,4139,18891,125,22470,511,1506,199418
2011,STATE,6767900,4630,123,4105,18887,129,23471,520,1516,185163
2012,STATE,6817770,4612,120,4237,10672,116,23429,377,1547,137379
2013,STATE,6882400,23389,127,4589,10622,121,29358,653,1591,175569
2014,STATE,6968170,23842,155,4296,10655,132,29749,761,1523,169446
2015,STATE,7061410,24789,131,4311,11024,144,28463,745,1537,172010
2016,STATE,7183700,26993,136,4671,12414,102,27203,808,1440,168122
2017,STATE,7310300,27946,125,4344,13447,137,24795,754,1547,161895
2018,STATE,7427570,29633,151,4233,14590,130,25301,827,1587,171054
2019,STATE,7546410,29455,157,4314,14977,120,25145,864,1464,170422
2020,STATE,7656200,28606,224,4868,11716,189,21114,860,1505,140099
1990,STEVENS,30948,27,0,35,31,3,83,4,1,869
1991,STEVENS,31455,17,0,32,46,4,87,3,0,1053
1992,STEVENS,32355,20,0,27,41,0,72,0,9,1202
1993,STEVENS,33122,17,1,36,46,0,67,3,2,1254
1994,STEVENS,34261,26,0,13,50,4,57,6,2,1302
1995,STEVENS,35406,13,0,23,63,1,91,6,0,1417
1996,STEVENS,36503,4,0,10,18,0,52,0,2,404
1997,STEVENS,37609,20,1,24,134,1,99,6,5,1271
1998,STEVENS,38122,21,0,17,97,4,68,3,3,1430
1999,STEVENS,38761,11,1,26,79,2,82,2,0,1374
2000,STEVENS,40066,16,1,17,67,3,82,1,1,1189
2001,STEVENS,40300,10,1,22,89,3,51,2,0,1169
2002,STEVENS,40400,7,0,22,103,1,72,2,3,1155
2003,STEVENS,40600,38,1,33,66,4,45,6,2,963
2004,STEVENS,40700,27,1,39,30,0,74,8,1,1000
2005,STEVENS,41200,39,1,40,57,3,110,4,4,1136
2006,STEVENS,42100,23,3,40,121,2,124,13,9,1191
2007,STEVENS,43000,28,1,50,165,2,134,18,2,1340
2008,STEVENS,43700,28,4,80,172,2,152,22,4,1324
2009,STEVENS,44000,34,0,43,141,1,134,8,6,1195
2010,STEVENS,44300,35,0,54,142,0,152,12,12,1215
2011,STEVENS,43600,32,0,29,101,3,161,9,5,1119
2012,STEVENS,43700,12,0,27,14,1,83,1,0,416
2013,STEVENS,43800,190,1,18,16,2,107,3,5,611
2014,STEVENS,43900,144,0,15,19,1,85,2,0,484
2015,STEVENS,44030,140,0,14,10,0,70,3,3,359
2016,STEVENS,44100,64,0,20,2,0,55,0,1,257
2017,STEVENS,44510,59,0,11,10,0,88,1,0,452
2018,STEVENS,45030,57,0,11,3,0,30,1,1,288
2019,STEVENS,45570,83,0,17,10,1,49,3,0,541
2020,STEVENS,45920,143,1,18,12,2,39,7,4,622
1990,THURSTON,161238,119,2,160,350,7,855,40,29,7088
1991,THURSTON,168996,112,0,153,306,1,855,32,25,6478
1992,THURSTON,175981,82,7,105,324,6,806,23,17,6577
1993,THURSTON,181131,54,2,87,456,1,1029,28,41,6243
1994,THURSTON,185344,92,9,113,644,2,779,29,16,6502
1995,THURSTON,190944,3,1,70,258,4,162,4,12,2850
1996,THURSTON,195365,69,3,114,795,7,1253,8,37,8903
1997,THURSTON,199081,50,4,130,1114,3,994,15,30,9527
1998,THURSTON,202389,62,13,113,954,4,915,13,67,8086
1999,THURSTON,205557,62,4,118,784,1,674,27,39,5726
2000,THURSTON,207355,71,1,70,642,2,598,12,25,4187
2001,THURSTON,210200,77,3,75,643,0,591,10,26,4143
2002,THURSTON,212300,66,2,75,784,0,601,15,24,4639
2003,THURSTON,214800,89,4,82,772,0,577,18,18,4417
2004,THURSTON,218500,86,2,63,550,2,628,14,18,4092
2005,THURSTON,224100,91,1,81,507,2,666,13,20,4256
2006,THURSTON,231100,89,3,80,600,0,700,4,33,4770
2007,THURSTON,238000,102,8,86,514,6,598,14,20,4644
2008,THURSTON,245300,188,3,156,471,4,765,13,36,5018
2009,THURSTON,249800,184,5,106,404,5,614,22,43,4282
2010,THURSTON,252400,248,6,176,509,6,833,16,42,5261
2011,THURSTON,254100,250,3,142,698,1,791,14,38,5450
2012,THURSTON,256800,173,4,118,477,5,966,12,38,4587
2013,THURSTON,260100,642,2,126,192,3,363,12,26,3027
2014,THURSTON,264000,1049,6,197,330,3,1062,16,45,6271
2015,THURSTON,267410,1137,8,164,384,2,1129,37,48,6074
2016,THURSTON,272690,1093,4,198,416,3,1140,26,47,5779
2017,THURSTON,276900,1100,5,229,380,3,1106,20,72,5693
2018,THURSTON,281700,1230,4,200,482,2,1011,22,42,5890
2019,THURSTON,285800,1199,6,207,468,5,1108,8,60,6087
2020,THURSTON,291000,1105,8,143,222,4,839,20,64,4456
1990,WAHKIAKUM,3327,5,0,7,22,0,0,1,0,124
1991,WAHKIAKUM,3385,8,0,4,10,0,0,0,0,90
1992,WAHKIAKUM,3455,2,0,2,6,0,4,2,0,76
1993,WAHKIAKUM,3660,3,0,0,9,0,3,0,0,70
1994,WAHKIAKUM,3719,3,0,0,2,0,4,1,0,85
1995,WAHKIAKUM,3809,2,0,2,3,0,3,5,0,160
1996,WAHKIAKUM,3784,2,0,4,4,0,5,2,0,177
1997,WAHKIAKUM,3883,2,0,6,8,1,3,1,0,131
1998,WAHKIAKUM,3885,0,0,3,12,0,8,2,0,156
1999,WAHKIAKUM,3875,2,0,0,6,0,4,1,0,186
2000,WAHKIAKUM,3824,2,0,4,3,0,4,0,0,176
2001,WAHKIAKUM,3800,0,1,2,2,0,5,1,0,119
2002,WAHKIAKUM,3800,1,0,0,0,0,1,0,0,19
2003,WAHKIAKUM,3800,1,0,2,0,0,1,0,0,18
2004,WAHKIAKUM,3800,3,0,1,0,0,0,1,0,16
2005,WAHKIAKUM,3900,3,0,2,0,0,2,0,0,24
2006,WAHKIAKUM,3900,3,0,4,0,0,6,0,0,31
2007,WAHKIAKUM,4000,7,0,2,0,0,3,0,0,25
2008,WAHKIAKUM,4100,7,0,5,0,0,2,0,0,23
2009,WAHKIAKUM,4100,5,0,0,0,0,1,0,0,15
2010,WAHKIAKUM,4150,2,0,0,0,0,4,0,0,18
2011,WAHKIAKUM,4000,2,0,0,0,0,0,0,0,5
2012,WAHKIAKUM,4025,0,0,0,0,0,0,0,0,0
2013,WAHKIAKUM,4020,0,0,0,0,0,0,0,0,0
2014,WAHKIAKUM,4010,0,0,0,0,0,0,0,0,3
2015,WAHKIAKUM,3980,18,0,3,3,0,6,0,0,56
2016,WAHKIAKUM,4000,27,0,4,1,0,3,0,0,84
2017,WAHKIAKUM,4030,19,0,2,8,0,8,0,0,81
2018,WAHKIAKUM,4100,21,0,1,3,0,1,0,0,33
2019,WAHKIAKUM,4190,14,0,4,4,0,1,2,0,32
2020,WAHKIAKUM,4210,14,2,1,2,0,1,0,0,23
1990,WALLA WALLA,48439,51,0,50,85,0,301,10,4,1589
1991,WALLA WALLA,50220,31,3,42,58,0,284,2,6,1587
1992,WALLA WALLA,51119,19,2,35,78,0,260,2,2,1677
1993,WALLA WALLA,52812,59,0,26,103,0,294,4,5,1925
1994,WALLA WALLA,53836,66,2,37,121,0,239,5,5,1705
1995,WALLA WALLA,53269,53,0,34,119,0,362,2,4,1548
1996,WALLA WALLA,55047,52,2,31,99,1,248,2,6,1221
1997,WALLA WALLA,55238,57,8,24,72,0,269,7,2,1273
1998,WALLA WALLA,55521,69,7,26,123,0,263,7,5,1313
1999,WALLA WALLA,55108,43,5,25,98,0,247,2,3,1225
2000,WALLA WALLA,55180,36,1,38,92,0,168,5,5,1155
2001,WALLA WALLA,55200,33,0,31,98,0,170,11,5,1173
2002,WALLA WALLA,55400,44,2,32,128,0,200,5,13,1302
2003,WALLA WALLA,55800,37,2,34,129,0,237,8,13,1365
2004,WALLA WALLA,56700,59,1,30,152,0,153,4,10,1198
2005,WALLA WALLA,57500,25,1,25,122,2,131,6,3,1122
2006,WALLA WALLA,57900,37,0,18,122,0,170,5,3,1222
2007,WALLA WALLA,58300,24,0,20,111,0,179,9,5,1227
2008,WALLA WALLA,58600,43,1,19,91,2,191,7,5,1053
2009,WALLA WALLA,59200,31,1,53,90,0,215,7,6,1214
2010,WALLA WALLA,59600,32,0,21,105,1,226,6,7,1242
2011,WALLA WALLA,58800,49,0,22,149,2,250,6,10,1314
2012,WALLA WALLA,59100,35,0,34,137,1,223,2,6,1173
2013,WALLA WALLA,59500,201,0,35,109,0,295,1,5,1180
2014,WALLA WALLA,60150,211,1,55,151,2,367,4,4,1318
2015,WALLA WALLA,60650,211,1,31,106,1,263,11,13,1053
2016,WALLA WALLA,60730,188,0,36,116,1,210,5,11,1070
2017,WALLA WALLA,61400,170,2,29,99,0,174,1,4,1165
2018,WALLA WALLA,61800,180,4,37,179,0,252,9,5,1486
2019,WALLA WALLA,62200,190,1,51,168,3,289,16,6,1623
2020,WALLA WALLA,62580,194,1,52,205,5,286,14,7,1436
1990,WHATCOM,127780,136,6,65,132,1,885,28,21,7020
1991,WHATCOM,132576,158,5,71,201,2,937,24,17,7322
1992,WHATCOM,137298,131,6,88,261,5,1099,36,20,8164
1993,WHATCOM,141156,134,4,76,340,0,884,22,19,7348
1994,WHATCOM,145580,157,6,84,356,2,902,25,22,7443
1995,WHATCOM,149114,144,6,61,326,6,892,37,24,7374
1996,WHATCOM,153171,165,8,109,337,1,1016,18,37,7794
1997,WHATCOM,157460,129,8,94,445,2,932,32,27,7369
1998,WHATCOM,160220,148,1,101,432,6,821,37,33,7955
1999,WHATCOM,164282,132,6,100,447,2,782,22,40,7919
2000,WHATCOM,166814,122,1,98,582,3,864,37,27,8330
2001,WHATCOM,170600,125,4,135,673,2,884,28,25,7839
2002,WHATCOM,172200,141,5,108,596,3,949,29,44,7768
2003,WHATCOM,174500,147,5,151,701,2,950,27,45,7694
2004,WHATCOM,177300,174,2,187,647,4,1121,26,47,8609
2005,WHATCOM,180800,159,17,187,721,4,1119,27,31,8780
2006,WHATCOM,184300,143,5,172,763,1,1002,26,42,8206
2007,WHATCOM,188300,171,3,183,862,3,1047,32,33,8644
2008,WHATCOM,191000,159,4,213,825,2,1015,23,34,8029
2009,WHATCOM,193100,150,3,181,735,2,1183,16,48,7775
2010,WHATCOM,195500,185,5,193,698,3,985,20,47,6580
2011,WHATCOM,202100,179,2,152,801,2,927,24,33,6643
2012,WHATCOM,203500,296,5,136,532,2,835,21,20,4765
2013,WHATCOM,205800,555,4,158,392,3,1317,14,45,5541
2014,WHATCOM,207600,782,2,203,419,1,1329,42,47,5028
2015,WHATCOM,209790,773,2,166,397,6,1106,27,39,4449
2016,WHATCOM,212540,786,6,199,444,1,1199,39,34,4537
2017,WHATCOM,216300,822,4,203,500,4,1280,28,48,4630
2018,WHATCOM,220350,792,5,182,435,3,944,33,41,4260
2019,WHATCOM,225300,799,4,174,368,6,903,37,51,4106
2020,WHATCOM,228000,716,12,234,236,10,897,28,60,3571
1990,WHITMAN,38775,67,2,27,61,0,130,4,4,1201
1991,WHITMAN,38622,50,1,28,63,0,180,4,0,1382
1992,WHITMAN,39217,52,1,27,51,0,146,2,6,1252
1993,WHITMAN,39545,37,2,20,99,1,130,7,0,1398
1994,WHITMAN,39722,21,0,14,61,0,96,3,2,865
1995,WHITMAN,40138,10,3,16,43,0,25,2,0,404
1996,WHITMAN,40582,11,0,12,29,0,39,1,1,412
1997,WHITMAN,40815,13,3,29,112,0,145,5,4,1437
1998,WHITMAN,41058,9,2,29,49,0,33,2,0,540
1999,WHITMAN,41192,11,2,42,141,0,131,6,1,1620
2000,WHITMAN,40740,10,1,48,107,0,144,3,5,1905
2001,WHITMAN,40300,8,2,27,138,0,135,6,4,1624
2002,WHITMAN,40600,7,0,16,95,0,63,3,1,789
2003,WHITMAN,41000,10,4,46,149,0,121,6,3,1854
2004,WHITMAN,41700,13,2,48,212,1,138,6,2,2068
2005,WHITMAN,42400,11,1,48,170,1,129,8,2,1846
2006,WHITMAN,42800,13,3,37,307,0,95,6,2,2162
2007,WHITMAN,42700,4,1,35,226,0,86,4,1,1940
2008,WHITMAN,43000,2,3,32,210,0,55,2,0,1780
2009,WHITMAN,43300,3,1,31,256,2,103,4,1,2169
2010,WHITMAN,43600,3,0,41,224,0,62,2,7,2059
2011,WHITMAN,44800,7,5,32,256,0,59,1,1,1699
2012,WHITMAN,45950,1,0,25,159,2,58,2,0,1199
2013,WHITMAN,46000,125,0,26,91,1,92,3,7,1131
2014,WHITMAN,46500,166,0,30,85,0,104,8,0,1258
2015,WHITMAN,47250,153,1,21,129,1,74,7,1,1325
2016,WHITMAN,47940,179,0,29,82,0,108,13,3,1174
2017,WHITMAN,48640,116,1,20,109,0,105,6,1,837
2018,WHITMAN,49210,137,1,14,106,1,130,5,3,1112
2019,WHITMAN,50130,141,1,14,113,0,92,9,5,1092
2020,WHITMAN,50480,150,1,20,149,1,86,8,3,1096
1990,YAKIMA,188823,227,6,308,743,13,1991,46,62,11340
1991,YAKIMA,195026,257,4,299,528,8,1867,71,58,9297
1992,YAKIMA,200555,242,2,294,696,6,1611,65,68,8977
1993,YAKIMA,207390,224,7,189,516,7,1556,44,48,7660
1994,YAKIMA,214440,200,8,195,490,18,1482,40,58,8021
1995,YAKIMA,219480,276,7,205,604,5,1757,53,65,8389
1996,YAKIMA,223203,259,6,190,578,12,1608,55,60,8581
1997,YAKIMA,223917,201,8,225,601,9,1369,53,59,8686
1998,YAKIMA,222838,173,3,222,777,5,1506,62,55,9853
1999,YAKIMA,223596,129,5,187,720,10,1510,60,50,9916
2000,YAKIMA,222581,201,11,171,778,12,1399,60,61,10044
2001,YAKIMA,224500,175,12,182,762,12,1214,50,59,9072
2002,YAKIMA,225000,156,7,229,949,4,1340,68,59,9527
2003,YAKIMA,226000,229,15,263,982,10,1764,74,82,10448
2004,YAKIMA,227500,224,8,262,787,10,1741,60,88,10335
2005,YAKIMA,229300,237,20,301,824,25,1818,63,80,11517
2006,YAKIMA,231800,234,16,243,981,16,1544,62,83,10614
2007,YAKIMA,234200,276,12,213,833,14,1384,65,93,9710
2008,YAKIMA,235900,231,12,187,770,10,1387,50,83,9350
2009,YAKIMA,238400,215,6,208,656,26,1282,39,75,8585
2010,YAKIMA,239100,246,14,205,629,24,1281,47,68,8003
2011,YAKIMA,244700,272,3,194,701,21,1364,65,98,8699
2012,YAKIMA,246000,136,5,139,380,16,853,23,49,6033
2013,YAKIMA,247250,1512,6,145,498,20,1036,57,62,7807
2014,YAKIMA,248800,1503,4,134,372,12,1296,64,50,7460
2015,YAKIMA,249970,1775,10,150,391,15,1477,62,68,8610
2016,YAKIMA,250900,1885,7,178,430,18,1355,65,65,7901
2017,YAKIMA,253000,1862,4,181,467,8,1293,65,63,7492
2018,YAKIMA,254500,1602,7,157,477,9,1255,69,61,7116
2019,YAKIMA,255950,1676,7,167,403,17,1281,85,71,7229
2020,YAKIMA,258200,1360,7,136,271,7,933,86,69,6189